Metric,precision,recall,f1-score,support,value
0,0.8235294117647058,0.8484848484848485,0.835820895522388,99.0,
1,0.5714285714285714,0.5263157894736842,0.547945205479452,38.0,
accuracy,0.7591240875912408,0.7591240875912408,0.7591240875912408,0.7591240875912408,
macro avg,0.6974789915966386,0.6874003189792663,0.69188305050092,137.0,
weighted avg,0.7536036312335153,0.7591240875912408,0.7559721639776321,137.0,
roc_auc,,,,,0.8191121743753322
